vscode/cof-workspace/cofluent_soc_plf_tlm/chi_icn_sys/chi_icn_sys/models/chi_icn_sysSys.cf_sys,_Ukp1KxUCzidOMmpwJ0nWja,chi_icn_sysSys/include/cfm_chi_icn_syssys_global.h
vscode/cof-workspace/cofluent_soc_plf_tlm/chi_icn_sys/chi_icn_sys/models/chi_icn_sysSys.cf_sys,_Ukp1KxUCzidOMmpwJ0nWja,chi_icn_sysSys/src/cfm_chi_icn_syssys.cpp
vscode/cof-workspace/cofluent_soc_plf_tlm/chi_icn_sys/chi_icn_sys/models/chi_icn_sysSys.cf_sys,_Ukp1KxUCzidOMmpwJ0nWja,chi_icn_sysSys/src/cfm_chi_icn_syssys_top.cpp
vscode/cof-workspace/cofluent_soc_plf_tlm/chi_icn_sys/chi_icn_sys/models/chi_icn_sysSys.cf_sys,_Ukp1KxUCzidOMmpwJ0nWja,chi_icn_sysSys/include/cfm_chi_icn_syssys_top.h
vscode/cof-workspace/cofluent_soc_plf_tlm/chi_icn_sys/chi_icn_sys/models/chi_icn_sysSys.cf_sys,_axpW-P41MZInf8CWGRbkCj,chi_icn_sysSys/src/cfm_connector_st.cpp
vscode/cof-workspace/cofluent_soc_plf_tlm/chi_icn_sys/chi_icn_sys/models/chi_icn_sysSys.cf_sys,_Ukp1KxUCzidOMmpwJ0nWja,chi_icn_sysSys/include/cfm_chi_icn_syssys_global_types.h
vscode/cof-workspace/cofluent_soc_plf_tlm/chi_icn_sys/chi_icn_sys/models/chi_icn_sysSys.cf_sys,_Ukp1KxUCzidOMmpwJ0nWja,chi_icn_sysSys/src/cfm_chi_icn_syssys_global.cpp
vscode/cof-workspace/cofluent_soc_plf_tlm/chi_icn_sys/chi_icn_sys/models/chi_icn_sysSys.cf_sys,_LKw_U3ANhDQNeko1kEmd_C,chi_icn_sysSys/src/cfm_mem_tlm.cpp
vscode/cof-workspace/cofluent_soc_plf_tlm/chi_icn_sys/chi_icn_sys/models/chi_icn_sysSys.cf_sys,_-5Ln68TgVBzxaDQ9jbvT3L,chi_icn_sysSys/include/cfm_sn_tlm_snf_tlm.h
vscode/cof-workspace/cofluent_soc_plf_tlm/chi_icn_sys/chi_icn_sys/models/chi_icn_sysSys.cf_sys,_LKw_U3ANhDQNeko1kEmd_C,chi_icn_sysSys/include/cfm_mem_tlm.h
vscode/cof-workspace/cofluent_soc_plf_tlm/chi_icn_sys/chi_icn_sys/models/chi_icn_sysSys.cf_sys,_jHT3lpDtI6rZVEJGv-kJ7p,chi_icn_sysSys/include/cfm_sn_tlm.h
vscode/cof-workspace/cofluent_soc_plf_tlm/chi_icn_sys/chi_icn_sys/models/chi_icn_sysSys.cf_sys,_DKG6_SFqneSx0eFfhiy5OF,chi_icn_sysSys/include/cfm_tg_rnf_tlm.h
vscode/cof-workspace/cofluent_soc_plf_tlm/chi_icn_sys/chi_icn_sys/models/chi_icn_sysSys.cf_sys,_tO28-IH676hTIHNfeUIiPD,chi_icn_sysSys/include/cfm_tg_rnf_tlm_rnf_tlm.h
vscode/cof-workspace/cofluent_soc_plf_tlm/chi_icn_sys/chi_icn_sys/models/chi_icn_sysSys.cf_sys,_WdDjUtLvJ3XCEbId_kM-p8,chi_icn_sysSys/src/cfm_chi_icn_tlm.cpp
vscode/cof-workspace/cofluent_soc_plf_tlm/chi_icn_sys/chi_icn_sys/models/chi_icn_sysSys.cf_sys,_Ukp1KxUCzidOMmpwJ0nWja,chi_icn_sysSys/include/cfm_chi_icn_syssys.h
vscode/cof-workspace/cofluent_soc_plf_tlm/chi_icn_sys/chi_icn_sys/models/chi_icn_sysSys.cf_sys,_jHT3lpDtI6rZVEJGv-kJ7p,chi_icn_sysSys/src/cfm_sn_tlm.cpp
vscode/cof-workspace/cofluent_soc_plf_tlm/chi_icn_sys/chi_icn_sys/models/chi_icn_sysSys.cf_sys,_DKG6_SFqneSx0eFfhiy5OF,chi_icn_sysSys/src/cfm_tg_rnf_tlm.cpp
vscode/cof-workspace/cofluent_soc_plf_tlm/chi_icn_sys/chi_icn_sys/models/chi_icn_sysSys.cf_sys,_axpW-P41MZInf8CWGRbkCj,chi_icn_sysSys/include/cfm_connector_st.h
vscode/cof-workspace/cofluent_soc_plf_tlm/chi_icn_sys/chi_icn_sys/models/chi_icn_sysSys.cf_sys,_-5Ln68TgVBzxaDQ9jbvT3L,chi_icn_sysSys/src/cfm_sn_tlm_snf_tlm.cpp
vscode/cof-workspace/cofluent_soc_plf_tlm/chi_icn_sys/chi_icn_sys/models/chi_icn_sysSys.cf_sys,_WdDjUtLvJ3XCEbId_kM-p8,chi_icn_sysSys/include/cfm_chi_icn_tlm.h
vscode/cof-workspace/cofluent_soc_plf_tlm/chi_icn_sys/chi_icn_sys/models/chi_icn_sysSys.cf_sys,_tO28-IH676hTIHNfeUIiPD,chi_icn_sysSys/src/cfm_tg_rnf_tlm_rnf_tlm.cpp
